question,answer
Q: How can I start saving money if I live paycheck to paycheck?,"A: Track your expenses, cut non-essential spending, and automate small savings each month."
Q: What is the 50/30/20 rule in budgeting?,"A: The 50/30/20 rule allocates 50% of income to needs, 30% to wants, and 20% to savings."
Q: How can I save more each month?,"A: Set clear savings goals, reduce unnecessary subscriptions, and plan meals to cut costs."
Q: Is it better to save weekly or monthly?,"A: Weekly saving builds consistency, while monthly saving fits better with salaried income."
Q: What’s a realistic emergency fund goal?,A: Save three to six months of essential living expenses in an easily accessible account.
Q: How can I stop impulse buying?,A: Avoid emotional purchases by waiting 24 hours before buying anything non-essential.
Q: What’s a sinking fund?,A: A sinking fund is money you set aside monthly for predictable expenses like car maintenance.
Q: Should I have multiple savings accounts?,"A: Yes, separating funds for goals helps with budgeting discipline and motivation."
Q: What budgeting apps are best?,"A: YNAB, Mint, and PocketGuard are great apps to track spending and set limits."
Q: What are common budgeting mistakes?,"A: Ignoring small expenses, not tracking income, and failing to adjust your plan are common mistakes."
Q: How can I budget with irregular income?,A: Base your budget on your lowest expected income and save extra during high-earning months.
Q: What’s zero-based budgeting?,A: It means giving every dollar a purpose so that income minus expenses equals zero.
Q: What is envelope budgeting?,A: You divide cash into envelopes for each category and spend only what’s inside.
Q: How can I teach my kids to save money?,"A: Give them allowances, set savings goals, and reward good financial behavior."
Q: Should I invest or save first?,"A: Start with an emergency fund, then begin investing gradually."
Q: What’s the best way to track expenses?,A: Use a spreadsheet or app to categorize and review expenses weekly.
Q: How much should I save from each paycheck?,"A: Aim to save 20% if possible, but any consistent amount builds good habits."
Q: Is cash stuffing still effective?,"A: Yes, it helps visualize spending limits and control overspending."
Q: How can I start saving for a house?,"A: Set a savings target, open a dedicated account, and automate monthly contributions."
Q: What is a high-yield savings account?,A: It’s an account that offers higher interest rates than traditional savings accounts.
Q: How can I improve my credit score?,"A: Pay bills on time, keep balances below 30%, and avoid applying for too many new cards."
Q: Should I close old credit cards?,"A: No, closing them can shorten your credit history and reduce your score."
Q: What’s a good credit score?,A: A score above 700 is good; 760 or higher is considered excellent.
Q: How often should I check my credit report?,"A: At least once a year, using free reports from AnnualCreditReport.com."
Q: How can I get out of debt faster?,"A: Pay more than the minimum, focus on high-interest debt, and avoid new borrowing."
Q: What’s the snowball method?,"A: Pay off the smallest debt first to build momentum, then move to larger ones."
Q: What’s the avalanche method?,A: Pay off debts with the highest interest rates first to minimize total interest.
Q: Should I consolidate my debts?,"A: Yes, if you can secure a lower interest rate and simplify payments."
Q: What’s a secured loan?,"A: A loan backed by collateral, like a car or home."
Q: What’s an unsecured loan?,"A: A loan not backed by collateral, usually with higher interest."
Q: What happens if I miss a payment?,A: You may face late fees and credit score drops after 30 days.
Q: Can I negotiate credit card interest rates?,"A: Yes, contact your issuer and request a lower rate, especially with good payment history."
Q: How can I build credit with no history?,"A: Get a secured card, become an authorized user, or take a small credit-builder loan."
Q: What is credit utilization?,A: It’s the percentage of your credit limit you’re using; keep it below 30%.
Q: Does checking my credit score lower it?,"A: No, soft checks don’t affect your score; only hard inquiries do."
Q: Should I use credit for everyday expenses?,"A: Yes, if you pay off the balance monthly to avoid interest."
Q: Can paying rent improve credit?,"A: Yes, if your landlord reports payments to credit bureaus."
Q: Is debt always bad?,"A: No, responsible debt like mortgages or student loans can build credit."
Q: What’s the difference between FICO and VantageScore?,"A: Both are credit scoring models, but lenders mostly use FICO."
Q: When should I start investing?,A: As early as possible to benefit from compound growth.
Q: How much should I invest each month?,A: Start with what you can afford — even $50 monthly makes a difference over time.
Q: What’s an ETF?,A: An Exchange-Traded Fund tracks an index and is traded like a stock.
Q: What’s a mutual fund?,A: A mutual fund pools investors’ money to buy a diversified portfolio of assets.
Q: What’s diversification?,A: Spreading investments across assets to reduce risk.
Q: Should I invest in stocks or bonds?,A: Stocks for long-term growth; bonds for stability and lower risk.
Q: What’s dollar-cost averaging?,A: Investing a fixed amount regularly regardless of market changes.
Q: Should I invest during a market crash?,"A: Yes, if you have a long-term perspective; crashes can offer buying opportunities."
Q: What’s a retirement account?,"A: It’s a tax-advantaged account for saving long-term, such as a 401(k) or IRA."
Q: What’s compound interest?,A: It’s earning interest on both your initial money and the interest it earns.
Q: What is a stock dividend?,A: A portion of a company’s profits paid to shareholders.
Q: How can I start investing with little money?,A: Use low-cost apps or index funds; start small and invest regularly.
Q: What’s an index fund?,A: A fund that mirrors the performance of a market index like the S&P 500.
Q: What’s the difference between active and passive investing?,A: Active investing tries to beat the market; passive investing tracks it.
Q: Should I invest in cryptocurrency?,A: Only invest what you can afford to lose; crypto is highly volatile.
Q: What’s a good investment strategy for beginners?,A: Start with diversified index funds and focus on consistency.
Q: Is investing the same as gambling?,"A: No, investing relies on research and time; gambling is based on chance."
Q: Can I lose all my money in the stock market?,A: Unlikely if you diversify and invest long-term.
Q: What’s a robo-advisor?,A: It’s an automated platform that builds and manages your investment portfolio.
Q: What’s a 401(k) match?,A: It’s an employer contribution that matches what you save — free money for retirement.
Q: What’s FDIC insurance?,"A: It protects your bank deposits up to $250,000 per person, per bank."
Q: Is online banking safe?,"A: Yes, if you use strong passwords and two-factor authentication."
Q: What’s the difference between checking and savings accounts?,A: Checking accounts are for spending; savings accounts earn interest.
Q: How can I avoid bank fees?,A: Maintain minimum balances and use in-network ATMs.
Q: What should I do if I lose my debit card?,A: Freeze your card immediately and contact your bank.
Q: What’s the difference between a bank and a credit union?,A: Credit unions are member-owned and usually offer better rates.
Q: Can I have multiple bank accounts?,"A: Yes, it helps organize finances for different goals."
Q: How can I spot a phishing scam?,A: Avoid emails asking for personal info or urgent payment requests.
Q: What’s mobile check deposit?,A: It lets you deposit checks by taking a photo with your phone.
Q: How can I protect my money online?,"A: Use unique passwords, avoid public Wi-Fi, and monitor your accounts regularly."
Q: How can I build a realistic monthly budget?,"A: List all your income and expenses, categorize spending, and assign limits for each category."
Q: What’s the best way to track my spending?,A: Use a budgeting app or review bank statements weekly to identify trends and overspending.
Q: How much of my income should go to housing?,A: Aim to keep housing costs under 30% of your take-home pay.
Q: How can I automate my savings?,A: Set up automatic transfers from checking to savings right after each paycheck.
Q: What’s a good short-term savings goal?,A: Build a fund equal to one month of living expenses for small emergencies.
Q: Is it smart to save in cash?,"A: Cash is useful short term, but bank savings earn interest and offer more security."
Q: Should I use envelopes for budgeting?,"A: Yes, envelope budgeting helps control discretionary spending by assigning cash to categories."
Q: What’s a zero-based budget?,"A: A zero-based budget assigns every dollar a purpose, leaving no unallocated money."
Q: How can I stick to my budget when eating out?,A: Limit dining out to a set monthly amount or use a prepaid card for food expenses.
Q: What’s a good savings rate for beginners?,A: Start by saving at least 10% of your income and increase over time.
Q: What’s the difference between stocks and bonds?,"A: Stocks represent ownership in a company, while bonds are loans you make to companies or governments."
Q: How much should I invest each month?,"A: Start with what you can afford, aiming for 15% of your income as your financial situation improves."
Q: What’s diversification in investing?,A: Diversification means spreading investments across asset types to reduce risk.
Q: Should I invest during a market downturn?,"A: Yes, if you’re investing long-term, downturns can be good buying opportunities."
Q: What’s the best age to start investing?,"A: The sooner, the better — compounding works best with time."
Q: What’s dollar-cost averaging?,A: Investing a fixed amount regularly regardless of market conditions to smooth out volatility.
Q: Are index funds better than individual stocks?,"A: Index funds are lower risk and require less effort, making them great for most investors."
Q: How risky is cryptocurrency?,A: Crypto is highly volatile and should make up only a small part of your diversified portfolio.
Q: Should I reinvest my dividends?,A: Reinvesting dividends helps grow your investment faster through compounding.
Q: What’s the difference between a traditional and Roth IRA?,A: Traditional IRAs offer tax-deferred growth; Roth IRAs provide tax-free withdrawals in retirement.
Q: How can I improve my credit score?,"A: Pay bills on time, keep credit utilization under 30%, and avoid frequent new accounts."
Q: Should I close old credit cards?,A: Usually not — closing them can reduce your credit history length and score.
Q: How can I pay off debt faster?,A: Use the snowball or avalanche method and make extra payments when possible.
Q: What’s a good credit utilization ratio?,A: Stay below 30% of your total available credit limit.
Q: What happens if I miss a credit card payment?,"A: You may face fees, interest increases, and a lower credit score."
Q: Should I consolidate my debts?,A: Consolidation can simplify payments and lower interest if managed responsibly.
Q: How can I check my credit report for free?,A: Visit AnnualCreditReport.com to get one free report per bureau each year.
Q: What’s a secured credit card?,"A: It’s a card backed by a cash deposit, ideal for building or repairing credit."
Q: Is it bad to have multiple credit cards?,"A: Not necessarily, if you manage payments responsibly and keep balances low."
Q: How long do late payments stay on my credit report?,"A: Typically seven years, though their impact lessens over time."
Q: What’s the difference between checking and savings accounts?,A: Checking is for daily use; savings earns interest and is meant for longer-term storage.
Q: How can I get a lower mortgage rate?,"A: Improve your credit score, increase your down payment, and compare lender offers."
Q: What’s an overdraft fee?,"A: A charge when you spend more than your account balance, which you can avoid with alerts or overdraft protection."
Q: Should I refinance my student loans?,A: Refinancing can lower interest but may remove federal protections like forgiveness or deferment.
Q: What’s the best way to pay off a car loan early?,A: Make biweekly payments or pay extra toward principal each month.
Q: What’s the 15-year vs 30-year mortgage difference?,A: A 15-year loan costs less in interest but has higher monthly payments.
Q: What’s a HELOC?,A: A Home Equity Line of Credit lets you borrow against your home’s equity as needed.
Q: Is it smart to take out a personal loan for debt consolidation?,"A: Yes, if the new rate is lower and you commit to not adding new debt."
Q: How can I avoid bank fees?,"A: Keep minimum balances, use in-network ATMs, and opt for fee-free checking accounts."
Q: Should I use a credit union instead of a bank?,A: Credit unions often have lower fees and better rates but fewer locations.
Q: How can I reduce my taxable income?,"A: Contribute to retirement accounts, claim deductions, and track eligible expenses."
Q: What’s the difference between tax credits and deductions?,A: Credits directly reduce taxes owed; deductions reduce taxable income.
Q: Should I hire a tax preparer?,"A: Yes, if your finances are complex or you’re unsure about filing correctly."
Q: What’s a 401(k) match?,A: It’s free money your employer contributes to your retirement savings based on your own contributions.
Q: Can I withdraw from my 401(k) early?,"A: Yes, but you’ll face taxes and a 10% penalty before age 59½."
Q: What’s a Roth 401(k)?,"A: A retirement plan where contributions are after-tax, but withdrawals are tax-free."
Q: Should I contribute to both IRA and 401(k)?,"A: If you can afford it, yes — it diversifies tax advantages."
Q: How do I know if I’m ready to retire?,A: You’re ready when your savings and passive income can cover your living expenses for life.
Q: What’s a safe withdrawal rate in retirement?,A: Around 4% of your portfolio per year is a common rule of thumb.
Q: Should I delay Social Security?,"A: Delaying increases monthly benefits, so it’s often worth it if you can wait."
Q: Why is financial literacy important?,A: It helps you make informed money decisions and avoid costly mistakes.
Q: What’s the best way to set financial goals?,"A: Use SMART goals — Specific, Measurable, Achievable, Relevant, and Time-bound."
Q: How can I stay motivated to save?,"A: Visualize your goals, track progress, and celebrate small milestones."
Q: What’s lifestyle inflation?,"A: Increasing your spending as income rises, which can slow wealth growth."
Q: How often should I review my finances?,A: At least monthly for budgeting and yearly for investments and goals.
Q: How can I avoid financial stress?,"A: Build an emergency fund, budget realistically, and avoid unnecessary debt."
Q: Why should I have multiple income streams?,A: They provide financial security if one source fails.
Q: How do I teach kids about money?,"A: Start with saving habits, allow small allowances, and explain budgeting basics."
Q: What’s the best way to build generational wealth?,"A: Invest long-term, own assets, and teach financial literacy across generations."
Q: How can I track my net worth?,"A: Add up all assets, subtract liabilities, and update quarterly to monitor progress."
Q: How can I budget with an irregular income?,A: Base your budget on your lowest monthly income estimate and save extra during higher months.
Q: What’s the best budgeting method for freelancers?,A: Use a zero-based or envelope budget to handle fluctuating income.
Q: How can I track cash expenses?,A: Record them immediately in an app or notebook to avoid losing track.
Q: Should I include one-time expenses in my budget?,"A: Yes, plan for them monthly using sinking funds."
Q: How can I reduce grocery costs?,"A: Plan meals, buy in bulk, and use coupons or cashback apps."
Q: What’s a good grocery budget percentage?,A: Aim to keep food spending under 10–15% of take-home pay.
Q: How can I build an emergency fund quickly?,"A: Save tax refunds, bonuses, or side hustle income until you reach 3–6 months of expenses."
Q: What’s a good app for automatic saving?,"A: Apps like Digit, Qapital, or Chime automate savings transfers."
Q: Should I prioritize debt or emergency savings first?,"A: Save at least $1,000 for emergencies, then focus on debt."
Q: How can I avoid living paycheck to paycheck?,"A: Track spending, cut unnecessary expenses, and increase savings automation."
Q: What’s the difference between ETFs and mutual funds?,A: ETFs trade like stocks; mutual funds are priced once per day and often have higher fees.
Q: How much risk should I take when investing?,"A: It depends on your age, goals, and time horizon—young investors can usually afford more risk."
Q: Should I invest if I have debt?,"A: Focus on high-interest debt first, but you can invest small amounts to build the habit."
Q: What’s the difference between growth and value stocks?,"A: Growth stocks focus on future expansion, while value stocks are undervalued companies with stable income."
Q: Should I invest in real estate or stocks?,"A: It depends on your goals—real estate offers cash flow, while stocks offer liquidity and diversification."
Q: What’s a robo-advisor?,A: It’s an automated investing service that builds and manages your portfolio for a low fee.
Q: How can I start investing with little money?,A: Use micro-investing apps like Acorns or fractional share platforms like Robinhood.
Q: What’s portfolio rebalancing?,A: Adjusting your investments to maintain your target asset allocation.
Q: How can I evaluate an investment’s risk?,"A: Look at volatility, historical returns, and your ability to handle losses."
Q: What are ESG investments?,"A: Investments in companies that prioritize environmental, social, and governance factors."
Q: How often should I check my credit report?,A: At least once a year through AnnualCreditReport.com.
Q: What’s a good credit score range?,"A: Generally, 700+ is good, and 760+ is excellent."
Q: How can I rebuild credit after bankruptcy?,"A: Pay bills on time, use secured cards, and maintain low balances."
Q: Should I pay my credit card in full every month?,"A: Yes, to avoid interest and build a strong credit history."
Q: Does checking my credit score lower it?,"A: No, only hard inquiries from lenders can affect your score."
Q: How can I avoid credit card debt?,A: Spend only what you can pay off each month and avoid impulse purchases.
Q: Is credit utilization calculated per card or overall?,A: Both—try to keep each card and your total usage under 30%.
Q: Can paying rent improve my credit?,A: Some services like Experian Boost can report rent payments to bureaus.
Q: How can I handle multiple debts?,A: List debts by interest rate and use the avalanche or snowball method.
Q: How does a personal loan affect credit?,A: It can help diversify your credit mix but may cause a temporary score dip.
Q: How can I find a high-yield savings account?,A: Compare online banks that offer APYs above the national average.
Q: Is online banking safe?,"A: Yes, if the bank is FDIC-insured and you use strong passwords and 2FA."
Q: Should I pay off my mortgage early?,A: It can save interest but reduces liquidity—balance it with investment goals.
Q: What’s refinancing?,A: Replacing an existing loan with a new one at a better rate or term.
Q: What’s loan amortization?,A: The process of paying off debt through regular principal and interest payments.
Q: Should I get a fixed or variable loan rate?,A: Fixed rates offer stability; variable rates may start lower but can rise.
Q: What’s a payday loan?,"A: A short-term, high-interest loan that should be avoided due to excessive fees."
Q: How can I avoid overdraft fees?,A: Opt out of overdraft protection and track account balances regularly.
Q: What’s a certificate of deposit (CD)?,A: A fixed-term savings product that pays higher interest but locks in funds.
Q: Can I negotiate a lower loan interest rate?,"A: Yes, especially with good credit or competing offers."
Q: What’s tax withholding?,A: The amount employers deduct from paychecks toward annual taxes.
Q: What’s a W-4 form?,A: It tells your employer how much federal tax to withhold from your paycheck.
Q: How can I lower my tax bill?,A: Contribute to pre-tax accounts like 401(k)s or HSAs and claim eligible credits.
Q: What’s the difference between gross and net income?,A: Gross is before deductions; net is take-home pay after taxes and withholdings.
Q: Should I itemize or take the standard deduction?,A: Choose the higher option; most people benefit from the standard deduction.
Q: What’s capital gains tax?,A: A tax on profits from selling investments or property.
Q: How long should I keep tax documents?,"A: At least three years, or seven if claiming losses or deductions."
Q: Can I deduct home office expenses?,"A: Yes, if you use a dedicated space regularly for work."
Q: What’s the tax benefit of donating to charity?,A: Donations can be deductible if made to qualified organizations.
Q: How can freelancers manage taxes?,A: Set aside 25–30% of income and make quarterly estimated payments.
Q: What’s the difference between term and whole life insurance?,A: Term is temporary and cheaper; whole life lasts for life and builds cash value.
Q: How much life insurance do I need?,A: Aim for 10–12 times your annual income.
Q: What’s an insurance deductible?,A: The amount you pay before insurance starts covering costs.
Q: Should I get renter’s insurance?,"A: Yes, it protects your belongings against theft or damage."
Q: What’s disability insurance?,A: It replaces income if you can’t work due to illness or injury.
Q: How can I lower auto insurance costs?,"A: Maintain good credit, increase deductibles, and shop around for rates."
Q: What’s an insurance premium?,A: The regular payment you make to keep your policy active.
Q: What’s umbrella insurance?,A: Extra liability coverage that protects beyond standard policies.
Q: Should I buy travel insurance?,A: It’s worth it for expensive or international trips.
Q: What’s the difference between PPO and HMO?,A: PPOs offer more flexibility; HMOs require primary care referrals.
Q: How can I estimate my retirement needs?,A: Multiply annual expenses by 25 for a rough estimate of required savings.
Q: Should I invest more aggressively when young?,"A: Yes, younger investors can take more risk for higher long-term returns."
Q: What’s the catch-up contribution for retirement accounts?,A: People over 50 can contribute extra to 401(k)s and IRAs.
Q: Can I roll over my 401(k) when changing jobs?,"A: Yes, into a new employer’s plan or an IRA without penalties."
Q: What’s compound interest?,A: Earning interest on both your original investment and accumulated interest.
Q: How can I avoid running out of money in retirement?,"A: Diversify investments, minimize withdrawals, and plan for inflation."
Q: What’s an annuity?,A: A contract that provides guaranteed income for life or a set period.
Q: How does inflation affect retirement savings?,"A: It reduces purchasing power, so invest in assets that outpace inflation."
Q: Should I pay off my mortgage before retiring?,"A: Ideally yes, to reduce expenses and financial stress."
Q: What’s a pension?,A: A retirement plan that provides guaranteed income based on years of service.
Q: Why is financial literacy important?,"A: It helps you make informed money decisions, avoid debt traps, and build long-term wealth."
Q: How can I set achievable financial goals?,"A: Use the SMART framework—Specific, Measurable, Achievable, Relevant, and Time-bound."
Q: What’s lifestyle inflation?,"A: When your spending rises as your income increases, preventing wealth growth."
Q: How can I stay consistent with saving?,A: Automate transfers to your savings each payday and treat it like a bill.
Q: Why should I track my net worth?,A: It shows your financial progress over time and motivates better decisions.
Q: What’s the difference between needs and wants?,A: Needs are essentials for living; wants are extras that enhance comfort or enjoyment.
Q: How can I stop comparing my finances to others?,A: Focus on your own goals and track personal progress instead of social benchmarks.
Q: What’s financial discipline?,"A: Making consistent, rational money choices even when tempted to overspend."
Q: Why is delayed gratification important in finance?,A: It helps you prioritize long-term rewards over short-term satisfaction.
Q: How can I build good money habits?,"A: Start with small, consistent actions like budgeting, saving, and reviewing expenses weekly."
Q: What’s the best way to start a side hustle?,"A: Choose something that fits your skills and time—like freelancing, tutoring, or online reselling."
Q: Should I register my side hustle as a business?,"A: Yes, once you earn regularly—it can help with taxes and legal protection."
Q: How can I increase my income at work?,"A: Ask for raises strategically, learn new skills, and show measurable value."
Q: What’s passive income?,"A: Money earned with minimal effort, like from investments, royalties, or rentals."
Q: Can social media be a source of income?,"A: Yes, through content creation, brand partnerships, or affiliate marketing."
Q: How should I manage taxes from side income?,"A: Track all earnings and expenses, and set aside about 25–30% for quarterly taxes."
Q: What’s the risk of relying solely on one income source?,A: Losing it can cause financial instability—diversify income streams.
Q: How can I price freelance work?,"A: Base it on market rates, your experience, and the value delivered."
Q: Should I reinvest side hustle profits?,"A: Yes, reinvesting helps you scale faster and build long-term stability."
Q: How can I find high-demand freelance skills?,A: Check job boards like Upwork and LinkedIn to spot trending client needs.
Q: What’s cryptocurrency?,"A: Digital money that uses blockchain technology for secure, decentralized transactions."
Q: Is crypto a good investment?,A: It’s volatile—invest only what you can afford to lose and diversify your portfolio.
Q: What’s Bitcoin halving?,"A: A programmed event that cuts Bitcoin mining rewards in half, reducing new supply."
Q: What’s a crypto wallet?,A: A digital tool that stores and secures your cryptocurrencies.
Q: What’s the difference between a hot wallet and cold wallet?,A: Hot wallets are online; cold wallets are offline and more secure.
Q: What are stablecoins?,A: Cryptocurrencies pegged to stable assets like the U.S. dollar.
Q: What’s blockchain?,A: A decentralized ledger that records transactions across many computers.
Q: Are NFTs investments?,A: They’re speculative digital assets whose value depends on demand and uniqueness.
Q: How are crypto transactions taxed?,A: Most countries tax crypto gains as capital gains.
Q: How can I avoid crypto scams?,"A: Use reputable exchanges, enable 2FA, and never share private keys."
Q: Should I rent or buy a home?,"A: It depends on your finances, mobility, and local housing market."
Q: What’s equity in real estate?,"A: The portion of your home you truly own, calculated as property value minus debt."
Q: What’s PMI in mortgages?,"A: Private Mortgage Insurance, required when your down payment is below 20%."
Q: How can I qualify for a mortgage?,"A: Maintain good credit, stable income, and a reasonable debt-to-income ratio."
Q: What’s house hacking?,A: Living in one unit of a property while renting out others to cover costs.
Q: Should I invest in rental properties?,"A: Yes, if you can manage tenants, cash flow, and maintenance effectively."
Q: What’s refinancing a home loan?,A: Replacing your mortgage with a new one to lower interest or payments.
Q: How can I estimate a property’s ROI?,A: Divide annual net income by total investment cost.
Q: What’s property appreciation?,A: The increase in a property’s market value over time.
Q: Should I use a real estate agent?,"A: Yes, especially for guidance in pricing, negotiation, and contracts."
Q: How does inflation affect savings?,A: It reduces purchasing power—your money buys less over time.
Q: How can I protect savings from inflation?,"A: Invest in assets like stocks, TIPS, or real estate that outpace inflation."
Q: What’s a recession?,A: A period of economic decline marked by reduced spending and rising unemployment.
Q: What’s stagflation?,A: When high inflation combines with slow economic growth.
Q: How can I prepare financially for a recession?,"A: Build an emergency fund, cut debt, and diversify income."
Q: What’s deflation?,A: A general decline in prices that can slow economic growth.
Q: What causes inflation?,"A: Rising demand, supply shortages, or increased money supply."
Q: What’s GDP?,A: Gross Domestic Product—the total value of goods and services produced in a country.
Q: How do interest rates affect the economy?,A: Higher rates slow borrowing; lower rates encourage spending.
Q: How can I invest wisely during high inflation?,"A: Favor assets like commodities, real estate, and inflation-protected bonds."
Q: What’s diversification in investing?,A: Spreading investments across assets to reduce risk.
Q: What’s dollar-cost averaging?,A: Investing fixed amounts regularly to smooth out market volatility.
Q: What’s asset allocation?,A: Dividing investments among asset types based on risk tolerance and goals.
Q: What’s a bond?,A: A loan to a government or company that pays interest over time.
Q: What’s a stock dividend?,"A: A company’s profit share paid to shareholders, usually quarterly."
Q: How can I measure investment performance?,A: Compare total return against inflation and benchmark indices.
Q: What’s market capitalization?,A: The total market value of a company’s outstanding shares.
Q: What’s an IPO?,A: An Initial Public Offering—when a company sells shares to the public for the first time.
Q: How can I avoid emotional investing?,A: Follow a long-term plan and avoid reacting to market fluctuations.
Q: What’s compound annual growth rate (CAGR)?,A: The average yearly growth rate of an investment over a period of time.
Q: How can I negotiate a higher salary?,"A: Research market rates, show achievements, and time your request strategically."
Q: What’s a good savings rate for beginners?,"A: Aim to save at least 20% of your income, more if possible."
Q: Should I invest in professional development?,"A: Yes, improving skills increases earning potential."
Q: How can I plan for irregular work income?,A: Average your last 6–12 months of income and save extra during high months.
Q: What’s financial independence?,A: Having enough assets or passive income to cover expenses without active work.
Q: What’s the FIRE movement?,"A: Financial Independence, Retire Early—a lifestyle focused on high savings and early retirement."
Q: How can I save for a child’s education?,A: Use education accounts like a 529 plan or education savings account.
Q: What’s the difference between gross and disposable income?,A: Gross is total pay; disposable is what remains after taxes and deductions.
Q: How can I build a professional network to grow income?,"A: Attend industry events, offer value, and maintain consistent communication."
Q: How can I manage money as a student?,"A: Budget early, avoid unnecessary loans, and learn about credit responsibly."
Q: What’s identity theft protection?,A: Services and practices that monitor and secure your personal financial data.
Q: What’s a financial plan?,"A: A roadmap outlining income, spending, investments, and long-term goals."
Q: How can I avoid scams online?,A: Be cautious of unsolicited offers and always verify websites and senders.
Q: What’s a trust fund?,A: A legal entity that holds assets for beneficiaries under specific terms.
Q: What’s estate planning?,A: Preparing how your assets will be managed and distributed after death.
Q: How can I make financial decisions as a couple?,"A: Communicate openly, share goals, and create a joint budget."
Q: What’s financial freedom?,A: The ability to live comfortably without financial stress or dependence on others.
Q: How can I teach kids about money?,"A: Use real-life examples like allowances, saving jars, and goal-setting."
Q: Why is diversification important for safety?,A: It reduces the impact of poor performance in any single asset.
Q: What’s a financial emergency plan?,"A: A backup strategy covering emergency funds, insurance, and key contacts."
Q: What’s the safest way to store emergency cash?,A: Keep a small amount at home in a secure place and the rest in a high-yield savings account.
Q: What’s the difference between APR and APY?,A: APR is the annual interest rate; APY includes compounding effects.
Q: How can I avoid overdraft fees?,"A: Set up alerts, maintain a buffer, and opt out of overdraft programs."
Q: What’s a money market account?,A: A savings account that pays higher interest but may limit withdrawals.
Q: What’s an ACH transfer?,"A: An electronic transfer between banks, often used for direct deposits or bill payments."
Q: Should I switch to an online bank?,"A: Yes, if you want lower fees and higher interest rates, but ensure they’re FDIC-insured."
Q: What’s FDIC insurance?,"A: It protects deposits up to $250,000 per person per bank in the U.S."
Q: How can I manage money in multiple currencies?,A: Use multi-currency accounts or apps like Wise to minimize exchange fees.
Q: Should I use autopay for bills?,"A: Yes, it prevents missed payments, but monitor to avoid overdrafts."
Q: What’s a financial aggregator app?,A: A tool that links all your financial accounts to track spending and savings in one place.
Q: What’s the difference between secured and unsecured debt?,A: Secured debt is backed by collateral; unsecured debt isn’t.
Q: What’s a debt-to-income ratio?,A: A percentage comparing monthly debt payments to monthly income.
Q: How can I recover from bankruptcy?,"A: Rebuild credit slowly, pay bills on time, and use secured credit cards."
Q: What’s a payday loan?,"A: A short-term, high-interest loan that can trap borrowers in debt cycles."
Q: What’s debt settlement?,A: Negotiating with creditors to pay less than the full owed amount.
Q: Should I refinance student loans?,A: Only if you can get a lower rate and don’t need federal protections.
Q: How can I improve my debt-to-credit ratio?,A: Pay down balances and avoid maxing out cards.
Q: What’s a credit limit increase?,A: A higher spending limit that can improve utilization if used responsibly.
Q: Does checking my credit score lower it?,"A: No, only hard inquiries from lenders temporarily affect your score."
Q: How long does debt collection stay on credit reports?,A: Typically seven years from the original delinquency date.
Q: What’s an ETF?,A: An Exchange-Traded Fund that tracks an index and trades like a stock.
Q: What’s a mutual fund?,A: A pooled investment managed by professionals investing in diversified assets.
Q: What’s rebalancing a portfolio?,A: Adjusting asset allocation periodically to maintain risk targets.
Q: What’s a bear market?,A: When stock prices fall 20% or more from recent highs.
Q: What’s a bull market?,A: A period when stock prices are consistently rising.
Q: What’s value investing?,A: Buying undervalued stocks believed to be worth more long-term.
Q: What’s growth investing?,A: Focusing on companies expected to grow faster than average.
Q: What’s a blue-chip stock?,"A: Shares of large, stable companies with consistent earnings."
Q: What’s a REIT?,A: Real Estate Investment Trust—companies that own income-generating real estate.
Q: How can I invest sustainably?,"A: Choose ESG funds that focus on environmental, social, and governance criteria."
Q: What’s a tax bracket?,A: The range of income taxed at a specific rate by the government.
Q: What’s a capital gain?,A: The profit from selling an investment for more than you paid.
Q: What’s tax-loss harvesting?,A: Selling losing investments to offset taxable gains.
Q: What’s a W-2 form?,A: A document employers give employees showing income and taxes withheld.
Q: What’s a 1099 form?,"A: A tax form for income from freelancing, contracting, or other non-employment sources."
Q: What are itemized deductions?,A: Specific expenses you can deduct instead of taking the standard deduction.
Q: What’s a tax-deferred account?,"A: An investment account where taxes are paid later, not yearly."
Q: What’s a tax credit?,A: A dollar-for-dollar reduction in the tax amount you owe.
Q: What’s a dependent in tax terms?,A: Someone who relies on you financially and qualifies for tax benefits.
Q: What’s the standard deduction?,A: A set amount taxpayers can deduct from income without itemizing.
Q: What’s term life insurance?,"A: Coverage for a specific period, usually cheaper than whole life."
Q: What’s whole life insurance?,A: Permanent coverage with a cash value component.
Q: What’s a deductible?,A: The amount you pay out of pocket before insurance covers costs.
Q: What’s co-insurance?,A: The percentage of costs you share with your insurer after the deductible.
Q: Should I get renter’s insurance?,"A: Yes, it protects your belongings from theft or damage."
Q: What’s disability insurance?,A: It replaces income if you’re unable to work due to illness or injury.
Q: What’s umbrella insurance?,A: Extra liability coverage beyond standard policies.
Q: What’s travel insurance?,"A: Covers trip cancellations, medical emergencies, or lost luggage."
Q: What’s health savings account (HSA)?,A: A tax-advantaged account for medical expenses linked to high-deductible plans.
Q: How can I lower car insurance premiums?,"A: Maintain good credit, safe driving habits, and compare multiple insurers."
Q: What’s the sunk cost fallacy?,A: Continuing an investment due to past spending rather than future benefit.
Q: What’s loss aversion?,A: The tendency to fear losses more than valuing equivalent gains.
Q: What’s confirmation bias in investing?,A: Seeking information that supports existing beliefs while ignoring contrary evidence.
Q: What’s herd behavior in markets?,"A: Following the crowd’s investment decisions, often irrationally."
Q: How can I make more rational financial choices?,"A: Set clear goals, remove emotion, and use data-driven decisions."
Q: What’s FOMO investing?,A: Fear of Missing Out leads to impulsive market entry at high prices.
Q: Why do people chase high returns?,A: Overconfidence and short-term greed often override risk awareness.
Q: What’s mental accounting?,"A: Treating money differently based on source or purpose, even though all money is equal."
Q: How can I control spending triggers?,A: Identify emotional or situational cues and plan alternatives.
Q: What’s anchoring bias?,A: Relying too heavily on the first piece of information when making financial judgments.
Q: What’s green investing?,A: Investing in companies promoting environmental sustainability.
Q: What’s carbon credit trading?,A: Buying or selling credits that allow companies to emit limited carbon.
Q: What’s microfinance?,A: Providing small loans to low-income entrepreneurs in developing regions.
Q: What’s an impact investment?,A: Investments made to generate positive social or environmental impact.
Q: What’s foreign exchange risk?,A: The potential loss from currency value fluctuations.
Q: What’s remittance?,A: Money sent by foreign workers to their home countries.
Q: How does trade deficit affect the economy?,A: Persistent deficits can weaken a country’s currency over time.
Q: What’s a sovereign bond?,A: Debt issued by a national government to raise funds.
Q: What’s hyperinflation?,A: Extremely high inflation that erodes a currency’s value rapidly.
Q: How can global events impact my investments?,"A: Wars, pandemics, and policy shifts influence markets and investor sentiment."
Q: What’s a marginal tax rate?,A: It’s the tax rate applied to your last dollar of income.
Q: What’s a progressive tax system?,A: A system where higher incomes are taxed at higher rates.
Q: What’s a regressive tax?,A: A tax that takes a larger percentage from lower-income earners.
Q: What’s a tax shelter?,A: A legal method of minimizing taxable income through investments or deductions.
Q: How can I avoid underpayment penalties?,A: Adjust your withholding or make estimated payments quarterly.
Q: What’s a capital gains tax?,A: A tax on profits from selling investments like stocks or property.
Q: What’s depreciation for taxes?,A: Deducting a portion of an asset’s cost each year to reflect wear or use.
Q: How are cryptocurrencies taxed?,A: They’re treated as property; profits are subject to capital gains tax.
Q: What’s a tax audit?,A: A review by the IRS or tax authority to verify the accuracy of your return.
Q: What’s double taxation?,A: When income is taxed at both corporate and individual levels.
Q: What’s overconfidence bias?,A: Overestimating your knowledge or ability to predict market movements.
Q: What’s recency bias?,A: Giving too much weight to recent events when making decisions.
Q: What’s the gambler’s fallacy?,A: Believing past events affect future probabilities in random outcomes.
Q: What’s the disposition effect?,A: Selling winners too early and holding onto losers too long.
Q: What’s hindsight bias?,A: Thinking you ‘knew it all along’ after an event occurs.
Q: What’s self-control bias?,A: Failing to act in line with long-term goals due to short-term temptations.
Q: What’s framing in finance?,A: How a choice is presented affects the decision taken.
Q: What’s regret aversion?,"A: Avoiding action to prevent future regret, even when it’s rational."
Q: What’s confirmation bias?,A: Seeking info that supports existing beliefs and ignoring contradictory data.
Q: What’s anchoring in investing?,A: Fixating on an initial price or value when making future decisions.
Q: What’s an IPO?,A: The first sale of a company’s stock to the public.
Q: What’s a limit order?,A: An order to buy or sell a stock at a specific price or better.
Q: What’s a stop-loss order?,A: An order that sells a security once it falls to a certain price to limit losses.
Q: What’s asset allocation?,A: The mix of investments across asset classes to balance risk and reward.
Q: What’s risk tolerance?,A: The degree of variability in returns an investor can handle.
Q: What’s compound interest?,A: Interest calculated on both the initial principal and accumulated interest.
Q: What’s an expense ratio?,A: The annual fee charged by mutual funds or ETFs as a percentage of assets.
Q: What’s a brokerage account?,A: An account used to buy and sell investments.
Q: What’s a margin account?,"A: An account that lets you borrow money to invest, increasing potential risk and return."
Q: What’s short selling?,"A: Borrowing shares to sell them, hoping to buy back later at a lower price."
Q: What’s a side hustle?,A: Extra work done outside your main job to earn additional income.
Q: How can freelancers manage irregular income?,A: Save a percentage of each payment and keep a separate tax fund.
Q: What’s passive income?,"A: Money earned regularly with minimal effort, like rent or dividends."
Q: How can I negotiate a salary raise?,"A: Research market rates, highlight achievements, and time your request strategically."
Q: What’s the gig economy?,A: A labor market of short-term contracts or freelance work.
Q: What’s business credit?,A: A separate credit profile for a company used to access funding.
Q: What’s a business emergency fund?,A: Cash reserves covering at least three months of operating expenses.
Q: What’s cash-flow management?,A: Monitoring income and expenses to ensure liquidity.
Q: What’s a break-even point?,A: The level of sales where total revenue equals total costs.
Q: What’s ROI?,A: Return on Investment — measures profitability relative to cost.
Q: What’s term vs universal life insurance?,A: Term covers a fixed period; universal offers flexible premiums and cash value.
Q: What’s liability insurance?,A: Coverage for legal responsibility if you cause injury or damage.
Q: What’s gap insurance?,A: Covers the difference between a car’s value and loan balance after a total loss.
Q: What’s long-term care insurance?,A: Covers nursing home or in-home care for chronic illnesses.
Q: What’s professional indemnity insurance?,A: Protects professionals against negligence or malpractice claims.
Q: What’s key person insurance?,A: Business insurance covering loss of a crucial employee or owner.
Q: What’s whole-life cash value?,A: The savings portion that grows tax-deferred inside a life insurance policy.
Q: What’s reinsurance?,A: Insurance purchased by insurers to spread large risks.
Q: What’s coinsurance in health plans?,A: The percentage you pay after meeting your deductible.
Q: How can I lower homeowners insurance costs?,"A: Bundle policies, improve security, and raise deductibles."
Q: What’s an emergency ratio?,A: Savings divided by monthly expenses — shows how long you can live off savings.
Q: What’s net income?,A: Income left after taxes and deductions.
Q: What’s gross income?,A: Total earnings before taxes or deductions.
Q: What’s financial independence?,A: Having enough passive income to cover living costs indefinitely.
Q: What’s FIRE?,"A: Financial Independence, Retire Early — a lifestyle focused on high saving and investing."
Q: What’s opportunity cost?,A: The potential benefit lost when choosing one option over another.
Q: What’s inflation?,A: The general rise in prices reducing the purchasing power of money.
Q: What’s deflation?,"A: A decline in prices, often signaling weak demand."
Q: What’s diversification benefit?,A: Reduced portfolio risk from combining uncorrelated assets.
Q: What’s a financial plan?,"A: A roadmap outlining goals, budgets, savings, investments, and insurance needs."
Q: What’s foreign direct investment?,A: Long-term investment in a foreign business by an individual or company.
Q: What’s a sovereign wealth fund?,A: A state-owned fund investing global reserves for national benefit.
Q: What’s the World Bank?,A: An international organization that finances economic development projects.
Q: What’s the IMF?,A: The International Monetary Fund — promotes global financial stability.
Q: What’s the G20?,A: A group of major economies coordinating global policy and trade issues.
Q: What’s fiscal policy?,A: Government spending and taxation used to influence the economy.
Q: What’s monetary policy?,A: Central bank actions controlling money supply and interest rates.
Q: What’s quantitative easing?,A: A central bank buying securities to inject liquidity into the economy.
Q: What’s stagflation?,A: Slow economic growth combined with high inflation.
Q: What’s GDP?,A: Gross Domestic Product — the total value of goods and services produced in a country.
Q: What’s socially responsible investing?,A: Investing that aligns with ethical and social values.
Q: What’s ESG investing?,"A: Focusing on Environmental, Social, and Governance metrics in portfolios."
Q: What’s a green bond?,A: A bond issued to fund environmentally friendly projects.
Q: What’s sustainable banking?,A: Financial institutions prioritizing eco-friendly lending and investments.
Q: What’s ethical consumerism?,A: Choosing products and companies based on moral principles.
Q: What’s carbon neutrality?,A: Achieving a balance between emitted and offset carbon.
Q: What’s renewable-energy investing?,"A: Funding solar, wind, or other sustainable energy ventures."
Q: What’s climate risk disclosure?,A: Companies reporting how climate change affects financial performance.
Q: What’s the green premium?,A: The extra cost of choosing sustainable over conventional options.
Q: What’s divestment?,A: Selling investments in industries considered unethical or harmful.
